Sector,NumericRating,OAD,OAS,OAS_old,OAS_change,OAS_pct_change,MktVal
AUTOMOTIVE,6.0,21.672334671020508,87.41639709472656,71.70809936523438,15.708297729492188,0.21905887126922607,216.14292526245117
BANKING,5.3683527105351505,17.90560259127968,203.46375816910108,255.45208343083038,-51.9883252617293,-0.19499789073071436,721.7049751281738
ELECTRIC,7.0,17.332502365112305,123.16260528564453,176.13099670410156,-52.96839141845703,-0.30073291063308716,341.3811721801758
HEALTHCARE,2.93131655140133,18.418836112966282,98.84435363233573,140.2363747813694,-41.39202114903367,-0.28718113703915704,1141.1495723724365
INDUSTRIAL_OTHER,2.3690334740888987,20.961976952341157,108.95452324703903,123.21565348870018,-14.261130241661162,-0.11931971372339202,2598.2473388671874
LOCAL_AUTHORITIES,4.0,13.105813980102539,195.37530517578125,255.68130493164062,-60.305999755859375,-0.23586392402648926,948.0018737792968
PHARMACEUTICALS,6.0,18.484268188476562,177.8061065673828,193.43508911132812,-15.628982543945312,-0.08079701662063599,407.1214599609375
TECHNOLOGY,5.0,19.462200164794922,155.7104949951172,145.48880004882812,10.221694946289062,0.07025766372680664,1222.7853622436523
INDEX,3.8714970010546983,18.792080863899027,138.44114774526744,163.1274029865008,-24.68625524123338,-0.13221421048047222,7596.534679794311
